{"schemaVersion":"1.0","appDefinitionTemplate":{"id":"/providers/Microsoft.PowerApps/apps/","type":"Microsoft.PowerApps/apps","tags":{"primaryDeviceWidth":"640","primaryDeviceHeight":"1136","sienaVersion":"20210613T064747Z-3.21055.27.0","deviceCapabilities":"","supportsPortrait":"true","supportsLandscape":"false","primaryFormFactor":"Phone","publisherVersion":"3.21055.27","minimumRequiredApiVersion":"2.2.0","hasComponent":"false","hasUnlockedComponent":"false","isUnifiedRootApp":"false"},"properties":{"appVersion":"2021-06-13T06:47:47Z","lifeCycleId":"Published","createdByClientVersion":{"major":3,"minor":21055,"build":27,"revision":0,"majorRevision":0,"minorRevision":0},"minClientVersion":{"major":3,"minor":21055,"build":27,"revision":0,"majorRevision":0,"minorRevision":0},"backgroundColor":"rgba(151, 0, 0, 1)","backgroundImageUri":"/2360036247305384776/N057e8044-3385-4c35-84f1-84176fed0716-logoSmallFile","displayName":"NFC Reader","description":"","commitMessage":"","appUris":{"documentUri":{"value":"/2360036247305384776/Na418aadb-3c61-4228-aa87-25c60820dfef-document.msapp"},"imageUris":[]},"createdTime":"0001-01-01T00:00:00Z","lastModifiedTime":"0001-01-01T00:00:00Z","sharedGroupsCount":0,"sharedUsersCount":0,"icons":{"smallIconUri":"/2360036247305384776/Na095e826-9b18-4410-96c3-336cd5097707-small.png","mediumIconUri":"/2360036247305384776/Nfbda6ace-a575-46bd-b309-172ec2d5ff30-medium.png","largeIconUri":"/2360036247305384776/Nfafcb738-fda6-4bb0-9a53-9aa94fa40775-large.png","wideIconUri":"/2360036247305384776/N6307a9fe-7237-4fb9-9831-c12b7312b027-wide.png"},"connectionReferences":{"bb35d408-82ee-46cf-8220-c3aea72835ba":{"id":"632b294f-ba4c-45d8-a113-69284eb51fb0","displayName":"SharePoint","iconUri":"https://connectoricons-prod.azureedge.net/releases/v1.0.1472/1.0.1472.2427/sharepointonline/icon.png","dataSources":["Toys Inventory"],"dependencies":[],"dependents":[],"parameterHints":{},"isOnPremiseConnection":false,"bypassConsent":false,"dataSets":{"https://anjcerbolles.sharepoint.com/sites/MixedRealitySpace":{"datasetOverride":{"environmentVariableName":"new_shared_sharepointonline_724e41ddb54e4c1b95e6e250c9bfa012"},"dataSources":{"Toys Inventory":{"tableName":"8ea359c0-914e-4122-92a9-3cab74a084ea","tableNameOverride":{"environmentVariableName":"new_shared_sharepointonline_dec58e4987a04d46ac7b37b8bcb18f62"}}}}},"apiTier":"Standard","isCustomApiConnection":false}},"databaseReferences":{},"almMode":"Environment","performanceOptimizationEnabled":true,"canConsumeAppPass":true,"executionRestrictions":{"isTeamsOnly":false,"dataLossPreventionEvaluationResult":{"status":"Compliant","lastEvaluationDate":"2021-05-28T11:21:28.1679761Z","violations":[],"violationsByPolicy":[],"violationErrorMessage":"The app uses the following connectors: ."}}},"appType":"ClassicCanvasApp","appComponents":[]}}